ticker,date,period_ending,estimate,reported,surprise,surprise%,group
A,2021-05-25,21-Apr,0.82,0.97,0.15,18.29,2
AA,2021-04-15,21-Mar,0.48,0.79,0.31,64.58,1
AAL,2021-04-22,21-Mar,-4.35,-4.32,0.03,0.69,3
AAP,2021-06-02,21-Mar,3.08,3.34,0.26,8.44,2
AAPL,2021-04-28,21-Mar,1,1.4,0.4,40,1
ABBV,2021-04-30,21-Mar,2.77,2.95,0.18,6.5,2
ABC,2021-05-05,21-Mar,2.51,2.53,0.02,0.8,3
ABMD,2021-04-29,21-Mar,1.1,1.24,0.14,12.73,2
ABT,2021-04-20,21-Mar,1.33,1.32,-0.01,-0.75,3
ACC,2021-04-19,21-Mar,0.56,0.11,-0.45,-80.36,3
ACGL,2021-04-27,21-Mar,0.5,0.59,0.09,18,2
ACHC,2021-04-29,21-Mar,0.45,0.47,0.02,4.44,3
ACI,2021-04-26,21-Feb,0.5,0.6,0.1,20,2
ACM,2021-05-10,21-Mar,0.63,0.67,0.04,6.35,2
ACN,2021-03-18,21-Feb,1.9,2.03,0.13,6.84,2
ADBE,2021-03-23,21-Feb,2.79,3.14,0.35,12.54,2
ADI,2021-05-19,21-Apr,1.45,1.54,0.09,6.21,2
ADM,2021-04-27,21-Mar,1,1.39,0.39,39,1
ADP,2021-04-28,21-Mar,1.82,1.89,0.07,3.85,3
ADPT,2021-05-05,21-Mar,-0.41,-0.29,0.12,29.27,1
ADS,2021-04-29,21-Mar,3.23,6.28,3.05,94.43,1
ADSK,2021-05-27,21-Apr,0.94,1.03,0.09,9.57,2
ADT,2021-05-05,21-Mar,0.15,-0.07,-0.22,-146.67,3
AEE,2021-05-10,21-Mar,0.79,0.91,0.12,15.19,2
AEP,2021-04-22,21-Mar,1.23,1.15,-0.08,-6.5,3
AES,2021-05-06,21-Mar,0.3,0.28,-0.02,-6.67,3
AFG,2021-05-04,21-Mar,1.74,2.38,0.64,36.78,1
AFL,2021-04-28,21-Mar,1.2,1.53,0.33,27.5,1
AGCO,2021-04-29,21-Mar,1.11,2,0.89,80.18,1
AGL,2021-05-26,21-Mar,-0.04,-0.04,0,0,3
AGNC,2021-04-26,21-Mar,0.64,0.76,0.12,18.75,2
AGR,2021-05-03,21-Mar,0.78,1.14,0.36,46.15,1
AI,2021-06-02,21-Apr,-0.29,-0.24,0.05,17.24,2
AIG,2021-05-06,21-Mar,0.99,1.05,0.06,6.06,2
AIZ,2021-05-04,21-Mar,1.96,2.47,0.51,26.02,1
AJG,2021-04-29,21-Mar,1.83,2.02,0.19,10.38,2
AKAM,2021-05-04,21-Mar,1.3,1.38,0.08,6.15,2
AL,2021-05-06,21-Mar,1.01,0.7,-0.31,-30.69,3
ALB,2021-05-05,21-Mar,0.79,1.1,0.31,39.24,1
ALGN,2021-04-28,21-Mar,1.99,2.49,0.5,25.13,1
ALK,2021-04-22,21-Mar,-3.71,-3.51,0.2,5.39,3
ALL,2021-05-05,21-Mar,3.85,6.11,2.26,58.7,1
ALLE,2021-04-22,21-Mar,1.02,1.2,0.18,17.65,2
ALLY,2021-04-16,21-Mar,1.18,2.09,0.91,77.12,1
ALNY,2021-04-29,21-Mar,-1.75,-1.71,0.04,2.29,3
ALSN,2021-04-28,21-Mar,0.9,1.07,0.17,18.89,2
AM,2021-04-28,21-Mar,0.22,0.21,-0.01,-4.55,3
AMAT,2021-05-20,21-Apr,1.51,1.63,0.12,7.95,2
AMD,2021-04-27,21-Mar,0.44,0.52,0.08,18.18,2
AME,2021-05-04,21-Mar,1.02,1.07,0.05,4.9,3
AMED,2021-04-28,21-Mar,1.43,1.54,0.11,7.69,2
AMG,2021-05-03,21-Mar,4.26,4.28,0.02,0.47,3
AMGN,2021-04-27,21-Mar,4,3.7,-0.3,-7.5,3
AMH,2021-05-06,21-Mar,0.31,0.09,-0.22,-70.97,3
AMP,2021-04-26,21-Mar,4.73,5.43,0.7,14.8,2
AMT,2021-04-29,21-Mar,2.32,1.45,-0.87,-37.5,3
AMZN,2021-04-29,21-Mar,9.75,15.79,6.04,61.95,1
AN,2021-04-20,21-Mar,1.8,2.79,0.99,55,1
ANET,2021-05-04,21-Mar,2.38,2.5,0.12,5.04,3
ANSS,2021-05-05,21-Mar,0.85,1.12,0.27,31.76,1
ANTM,2021-04-21,21-Mar,6.86,7.01,0.15,2.19,3
AON,2021-04-30,21-Mar,4.04,4.28,0.24,5.94,3
AOS,2021-04-29,21-Mar,0.56,0.6,0.04,7.14,2
APA,2021-05-05,21-Mar,0.74,0.91,0.17,22.97,2
APD,2021-05-10,21-Mar,2.13,2.08,-0.05,-2.35,3
APH,2021-04-28,21-Mar,0.47,0.52,0.05,10.64,2
APO,2021-05-04,21-Mar,0.59,0.66,0.07,11.86,2
APTV,2021-05-06,21-Mar,0.77,1.06,0.29,37.66,1
ARE,2021-04-26,21-Mar,1.85,0.04,-1.81,-97.84,3
ARES,2021-04-29,21-Mar,0.51,0.46,-0.05,-9.8,3
ARMK,2021-05-11,21-Mar,-0.35,-0.24,0.11,31.43,1
ARW,2021-05-06,21-Mar,2.27,2.84,0.57,25.11,1
ASH,2021-04-28,21-Mar,1.36,1.05,-0.31,-22.79,3
ATH,2021-05-07,21-Mar,2.15,3.8,1.65,76.74,1
ATO,2021-05-05,21-Mar,2.05,2.3,0.25,12.2,2
ATR,2021-04-29,21-Mar,0.9,1.09,0.19,21.11,2
ATUS,2021-04-28,21-Mar,0.29,0.58,0.29,100,1
ATVI,2021-05-04,21-Mar,0.69,0.84,0.15,21.74,2
AVB,2021-04-28,21-Mar,1.94,1.02,-0.92,-47.42,3
AVGO,2021-06-03,21-Apr,6.44,6.62,0.18,2.8,3
AVLR,2021-05-06,21-Mar,-0.11,-0.08,0.03,27.27,1
AVT,2021-04-28,21-Mar,0.56,0.74,0.18,32.14,1
AVTR,2021-04-28,21-Mar,0.28,0.35,0.07,25,1
AVY,2021-04-28,21-Mar,2.01,2.4,0.39,19.4,2
AWI,2021-04-27,21-Mar,0.96,0.84,-0.12,-12.5,3
AWK,2021-05-03,21-Mar,0.73,0.73,0,0,3
AXON,2021-05-06,21-Mar,0.21,0.31,0.1,47.62,1
AXP,2021-04-23,21-Mar,1.68,1.74,0.06,3.57,3
AXS,2021-04-28,21-Mar,0.65,0.97,0.32,49.23,1
AXTA,2021-04-26,21-Mar,0.42,0.5,0.08,19.05,2
AYI,2021-03-31,21-Feb,1.69,2.12,0.43,25.44,1
AYX,2021-05-04,21-Mar,-0.23,-0.08,0.15,65.22,1
AZO,2021-03-02,21-Feb,13.07,14.93,1.86,14.23,2
AZPN,2021-04-28,21-Mar,1.16,1.05,-0.11,-9.48,3
BA,2021-04-28,21-Mar,-1.17,-1.53,-0.36,-30.77,3
BAC,2021-04-15,21-Mar,0.65,0.86,0.21,32.31,1
BAH,2021-05-21,21-Mar,0.82,0.89,0.07,8.54,2
BAX,2021-04-29,21-Mar,0.64,0.76,0.12,18.75,2
BBY,2021-05-27,21-Apr,1.45,2.23,0.78,53.79,1
BC,2021-04-29,21-Mar,1.45,2.24,0.79,54.48,1
BDX,2021-05-06,21-Mar,3.04,3.19,0.15,4.93,3
BEN,2021-05-04,21-Mar,0.74,0.79,0.05,6.76,2
BERY,2021-05-04,21-Mar,1.31,1.59,0.28,21.37,2
BFAM,2021-05-05,21-Mar,0.1,0.23,0.13,130,1
BG,2021-05-04,21-Mar,1.55,3.13,1.58,101.94,1
BHF,2021-05-10,21-Mar,2.42,4.86,2.44,100.83,1
BIIB,2021-04-22,21-Mar,5.06,5.34,0.28,5.53,3
BILL,2021-05-06,21-Mar,-0.08,-0.02,0.06,75,1
BIO,2021-04-29,21-Mar,2.5,5.21,2.71,108.4,1
BK,2021-04-16,21-Mar,0.87,0.97,0.1,11.49,2
BKI,2021-05-06,21-Mar,0.51,0.56,0.05,9.8,2
BKNG,2021-05-05,21-Mar,-7.26,-5.26,2,27.55,1
BKR,2021-04-21,21-Mar,0.11,0.12,0.01,9.09,2
BLD,2021-05-06,21-Mar,1.93,2.02,0.09,4.66,3
BLDR,2021-05-06,21-Mar,0.81,1.1,0.29,35.8,1
BLK,2021-04-15,21-Mar,7.64,7.77,0.13,1.7,3
BLL,2021-05-06,21-Mar,0.67,0.72,0.05,7.46,2
BMRN,2021-04-29,21-Mar,0.32,0.56,0.24,75,1
BMY,2021-04-29,21-Mar,1.8,1.74,-0.06,-3.33,3
BOH,2021-04-26,21-Mar,1.18,1.5,0.32,27.12,1
BOKF,2021-04-21,21-Mar,1.92,2.1,0.18,9.38,2
BPOP,2021-04-28,21-Mar,1.91,3.12,1.21,63.35,1
BR,2021-05-04,21-Mar,1.67,1.76,0.09,5.39,3
BRKR,2021-05-05,21-Mar,0.32,0.44,0.12,37.5,1
BRKS,2021-05-10,21-Mar,0.51,0.69,0.18,35.29,1
BRO,2021-04-26,21-Mar,0.56,0.7,0.14,25,1
BRX,2021-05-03,21-Mar,0.4,0.18,-0.22,-55,3
BSX,2021-04-28,21-Mar,0.3,0.37,0.07,23.33,2
BURL,2021-05-27,21-Apr,0.92,2.59,1.67,181.52,1
BWA,2021-05-05,21-Mar,0.92,1.21,0.29,31.52,1
BWXT,2021-05-03,21-Mar,0.71,0.73,0.02,2.82,3
BX,2021-04-22,21-Mar,0.72,0.96,0.24,33.33,1
BXP,2021-04-27,21-Mar,1.55,0.59,-0.96,-61.94,3
BYD,2021-04-27,21-Mar,0.44,0.93,0.49,111.36,1
BYND,2021-05-06,21-Mar,-0.27,-0.42,-0.15,-55.56,3
C,2021-04-15,21-Mar,2.56,3.62,1.06,41.41,1
CABO,2021-05-06,21-Mar,10.22,11.19,0.97,9.49,2
CACC,2021-04-29,21-Mar,8.44,11.82,3.38,40.05,1
CACI,2021-04-21,21-Mar,3.69,5.28,1.59,43.09,1
CAG,2021-04-08,21-Feb,0.58,0.59,0.01,1.72,3
CAH,2021-05-06,21-Mar,1.58,1.53,-0.05,-3.16,3
CARR,2021-04-29,21-Mar,0.38,0.48,0.1,26.32,1
CASY,2021-06-08,21-Apr,0.67,1.12,0.45,67.16,1
CAT,2021-04-29,21-Mar,1.93,2.87,0.94,48.7,1
CB,2021-04-27,21-Mar,2.45,2.52,0.07,2.86,3
CBOE,2021-04-30,21-Mar,1.39,1.53,0.14,10.07,2
CBRE,2021-04-29,21-Mar,0.7,0.86,0.16,22.86,2
CBSH,2021-04-15,21-Mar,0.96,1.11,0.15,15.63,2
CC,2021-05-03,21-Mar,0.68,0.71,0.03,4.41,3
CCI,2021-04-21,21-Mar,1.61,0.28,-1.33,-82.61,3
CCK,2021-04-19,21-Mar,1.39,1.83,0.44,31.65,1
CCL,2021-04-07,21-Feb,-1.66,-1.79,-0.13,-7.83,3
CDAY,2021-05-05,21-Mar,0.09,0.09,0,0,3
CDK,2021-05-06,21-Mar,0.68,0.69,0.01,1.47,3
CDNS,2021-04-26,21-Mar,0.74,0.83,0.09,12.16,2
CDW,2021-05-05,21-Mar,1.54,1.74,0.2,12.99,2
CE,2021-04-22,21-Mar,3.01,3.46,0.45,14.95,2
CERN,2021-05-05,21-Mar,0.74,0.76,0.02,2.7,3
CF,2021-05-05,21-Mar,0.57,0.7,0.13,22.81,2
CFG,2021-04-16,21-Mar,0.97,1.41,0.44,45.36,1
CFR,2021-04-29,21-Mar,1.42,1.77,0.35,24.65,1
CFX,2021-04-29,21-Mar,0.39,0.44,0.05,12.82,2
CG,2021-04-29,21-Mar,0.54,0.58,0.04,7.41,2
CGNX,2021-05-06,21-Mar,0.35,0.39,0.04,11.43,2
CHD,2021-04-29,21-Mar,0.8,0.83,0.03,3.75,3
CHDN,2021-04-21,21-Mar,0.56,0.87,0.31,55.36,1
CHE,2021-04-27,21-Mar,4.2,4.44,0.24,5.71,3
CHGG,2021-05-03,21-Mar,0.31,0.28,-0.03,-9.68,3
CHH,2021-05-10,21-Mar,0.63,0.57,-0.06,-9.52,3
CHNG,2021-05-26,21-Mar,0.37,0.42,0.05,13.51,2
CHRW,2021-04-27,21-Mar,0.97,1.28,0.31,31.96,1
CHTR,2021-04-30,21-Mar,4.34,4.11,-0.23,-5.3,3
CI,2021-05-07,21-Mar,4.42,4.73,0.31,7.01,2
CIEN,2021-06-03,21-Apr,0.48,0.62,0.14,29.17,1
CINF,2021-04-28,21-Mar,1.05,1.37,0.32,30.48,1
CL,2021-04-30,21-Mar,0.8,0.8,0,0,3
CLF,2021-04-22,21-Mar,0.33,0.35,0.02,6.06,3
CLH,2021-05-05,21-Mar,0.26,0.42,0.16,61.54,1
CLR,2021-04-28,21-Mar,0.52,0.77,0.25,48.08,1
CLX,2021-04-30,21-Mar,1.47,1.62,0.15,10.2,2
CMA,2021-04-20,21-Mar,1.38,2.43,1.05,76.09,1
CMCSA,2021-04-29,21-Mar,0.59,0.76,0.17,28.81,1
CME,2021-04-28,21-Mar,1.75,1.79,0.04,2.29,3
CMG,2021-04-21,21-Mar,4.92,5.36,0.44,8.94,2
CMI,2021-05-04,21-Mar,3.46,4.04,0.58,16.76,2
CMS,2021-04-29,21-Mar,1.17,1.21,0.04,3.42,3
CNA,2021-05-03,21-Mar,0.95,0.96,0.01,1.05,3
CNC,2021-04-27,21-Mar,1.65,1.63,-0.02,-1.21,3
CNP,2021-05-06,21-Mar,0.5,0.59,0.09,18,2
CNXC,2021-03-24,21-Feb,2.03,2.29,0.26,12.81,2
COF,2021-04-27,21-Mar,4.17,7.03,2.86,68.59,1
COHR,2021-05-12,21-Mar,1.17,1.42,0.25,21.37,2
COLD,2021-05-06,21-Mar,0.31,-0.06,-0.37,-119.35,3
COLM,2021-04-29,21-Mar,0.33,0.84,0.51,154.55,1
COMM,2021-05-06,21-Mar,0.31,0.36,0.05,16.13,2
CONE,2021-04-28,21-Mar,0.98,0.15,-0.83,-84.69,3
COO,2021-06-03,21-Apr,3.12,3.38,0.26,8.33,2
COP,2021-05-04,21-Mar,0.57,0.69,0.12,21.05,2
COR,2021-04-29,21-Mar,1.33,0.51,-0.82,-61.65,3
COST,2021-03-04,21-Feb,2.42,2.14,-0.28,-11.57,3
COUP,2021-06-07,21-Apr,-0.19,0.07,0.26,136.84,1
CPA,2021-05-05,21-Mar,-2.25,-2.23,0.02,0.89,3
CPB,2021-06-09,21-Apr,0.66,0.57,-0.09,-13.64,3
CPRI,2021-05-26,21-Mar,-0.01,0.38,0.39,3900,1
CPRT,2021-05-19,21-Apr,0.8,1.09,0.29,36.25,1
CPT,2021-04-29,21-Mar,1.23,0.31,-0.92,-74.8,3
CR,2021-05-03,21-Mar,1.31,1.66,0.35,26.72,1
CRI,2021-04-30,21-Mar,0.27,1.98,1.71,633.33,1
CRL,2021-05-04,21-Mar,2.19,2.53,0.34,15.53,2
CRM,2021-05-27,21-Apr,0.88,1.21,0.33,37.5,1
CRUS,2021-04-29,21-Mar,0.69,0.66,-0.03,-4.35,3
CRWD,2021-06-03,21-Apr,0.06,0.1,0.04,66.67,1
CSCO,2021-05-19,21-Apr,0.82,0.83,0.01,1.22,3
CSGP,2021-04-27,21-Mar,0.24,0.28,0.04,16.67,2
CSL,2021-04-22,21-Mar,0.68,1.47,0.79,116.18,1
CSX,2021-04-20,21-Mar,0.32,0.31,-0.01,-3.13,3
CTAS,2021-03-17,21-Feb,2.21,2.37,0.16,7.24,2
CTLT,2021-05-04,21-Mar,0.76,0.82,0.06,7.89,2
CTSH,2021-05-05,21-Mar,0.94,0.97,0.03,3.19,3
CTVA,2021-05-04,21-Mar,0.67,0.79,0.12,17.91,2
CTXS,2021-04-29,21-Mar,1.42,1.42,0,0,3
CUBE,2021-04-29,21-Mar,0.45,0.21,-0.24,-53.33,3
CUZ,2021-04-29,21-Mar,0.7,0.2,-0.5,-71.43,3
CVNA,2021-05-06,21-Mar,-0.7,-0.46,0.24,34.29,1
CVS,2021-05-04,21-Mar,1.72,2.04,0.32,18.6,2
CVX,2021-04-30,21-Mar,0.92,0.9,-0.02,-2.17,3
CW,2021-05-05,21-Mar,1.3,1.51,0.21,16.15,2
CZR,2021-05-04,21-Mar,-1.69,-2.06,-0.37,-21.89,3
D,2021-05-04,21-Mar,1.08,1.09,0.01,0.93,3
DAL,2021-04-15,21-Mar,-3.08,-3.55,-0.47,-15.26,3
DAR,2021-05-11,21-Mar,0.57,0.9,0.33,57.89,1
DBX,2021-05-06,21-Mar,0.3,0.35,0.05,16.67,2
DCI,2021-06-02,21-Apr,0.58,0.66,0.08,13.79,2
DCT,2021-04-05,21-Feb,-0.03,0.01,0.04,133.33,1
DD,2021-05-04,21-Mar,0.77,0.91,0.14,18.18,2
DDOG,2021-05-06,21-Mar,0.03,0.06,0.03,100,1
DE,2021-05-21,21-Apr,4.44,5.68,1.24,27.93,1
DECK,2021-05-20,21-Mar,0.58,1.18,0.6,103.45,1
DEI,2021-05-04,21-Mar,0.43,0.06,-0.37,-86.05,3
DELL,2021-05-27,21-Apr,1.55,2.13,0.58,37.42,1
DFS,2021-04-21,21-Mar,2.88,5.04,2.16,75,1
DG,2021-05-27,21-Apr,2.14,2.82,0.68,31.78,1
DGX,2021-04-22,21-Mar,3.77,3.76,-0.01,-0.27,3
DHI,2021-04-22,21-Mar,2.2,2.53,0.33,15,2
DHR,2021-04-22,21-Mar,1.67,2.52,0.85,50.9,1
DIS,2021-05-13,21-Mar,0.29,0.79,0.5,172.41,1
DISCA,2021-04-28,21-Mar,0.61,0.21,-0.4,-65.57,3
DISCK,2021-04-28,21-Mar,0.61,0.21,-0.4,-65.57,3
DISH,2021-04-29,21-Mar,0.83,0.99,0.16,19.28,2
DKNG,2021-05-07,21-Mar,-0.51,-0.87,-0.36,-70.59,3
DKS,2021-05-26,21-Apr,1.04,3.79,2.75,264.42,1
DLB,2021-05-04,21-Mar,0.67,0.91,0.24,35.82,1
DLR,2021-04-29,21-Mar,1.59,1.5,-0.09,-5.66,3
DLTR,2021-05-27,21-Apr,1.4,1.6,0.2,14.29,2
DNB,2021-05-05,21-Mar,0.21,0.23,0.02,9.52,2
DOCU,2021-06-03,21-Apr,0.27,0.44,0.17,62.96,1
DOV,2021-04-20,21-Mar,1.47,1.81,0.34,23.13,2
DOW,2021-04-22,21-Mar,1.1,1.36,0.26,23.64,2
DOX,2021-05-12,21-Mar,1.14,1.13,-0.01,-0.88,3
DPZ,2021-04-29,21-Mar,2.94,3,0.06,2.04,3
DRE,2021-04-28,21-Mar,0.39,0.21,-0.18,-46.15,3
DRI,2021-03-25,21-Feb,0.72,0.98,0.26,36.11,1
DT,2021-05-12,21-Mar,0.14,0.15,0.01,7.14,2
DTE,2021-04-27,21-Mar,2.16,2.44,0.28,12.96,2
DUK,2021-05-10,21-Mar,1.24,1.26,0.02,1.61,3
DV,2021-05-25,21-Mar,0.07,0.04,-0.03,-42.86,3
DVA,2021-04-29,21-Mar,1.8,2.09,0.29,16.11,2
DVN,2021-05-04,21-Mar,0.35,0.45,0.1,28.57,1
DXC,2021-05-26,21-Mar,0.7,0.74,0.04,5.71,3
DXCM,2021-04-29,21-Mar,0.31,0.33,0.02,6.45,2
EA,2021-05-11,21-Mar,1.04,1.03,-0.01,-0.96,3
EBAY,2021-04-28,21-Mar,1.07,1.09,0.02,1.87,3
ECL,2021-04-27,21-Mar,0.82,0.81,-0.01,-1.22,3
ED,2021-05-06,21-Mar,1.36,1.43,0.07,5.15,3
EEFT,2021-04-28,21-Mar,0.35,0.23,-0.12,-34.29,3
EFX,2021-04-21,21-Mar,1.52,1.97,0.45,29.61,1
EHC,2021-04-27,21-Mar,0.8,1.05,0.25,31.25,1
EIX,2021-04-27,21-Mar,0.76,0.79,0.03,3.95,3
EL,2021-05-03,21-Mar,1.29,1.62,0.33,25.58,1
ELAN,2021-05-07,21-Mar,0.23,0.37,0.14,60.87,1
ELS,2021-04-19,21-Mar,0.6,0.36,-0.24,-40,3
EMN,2021-04-29,21-Mar,2.03,2.13,0.1,4.93,3
EMR,2021-05-05,21-Mar,0.9,0.97,0.07,7.78,2
ENPH,2021-04-27,21-Mar,0.41,0.56,0.15,36.59,1
ENTG,2021-04-27,21-Mar,0.72,0.7,-0.02,-2.78,3
EOG,2021-05-06,21-Mar,1.44,1.62,0.18,12.5,2
EPAM,2021-05-06,21-Mar,1.68,1.81,0.13,7.74,2
EPR,2021-05-05,21-Mar,0.44,-0.04,-0.48,-109.09,3
EQH,2021-05-05,21-Mar,1.23,1.13,-0.1,-8.13,3
EQIX,2021-04-28,21-Mar,6.63,4.07,-2.56,-38.61,3
EQR,2021-04-27,21-Mar,0.68,0.15,-0.53,-77.94,3
EQT,2021-05-05,21-Mar,0.27,0.3,0.03,11.11,2
ERIE,2021-04-29,21-Mar,1.41,1.41,0,0,3
ES,2021-05-10,21-Mar,1.1,1.15,0.05,4.55,3
ESI,2021-04-28,21-Mar,0.32,0.37,0.05,15.63,2
ESS,2021-04-27,21-Mar,3.04,2.43,-0.61,-20.07,3
ESTC,2021-06-02,21-Apr,-0.16,-0.08,0.08,50,1
ETN,2021-05-04,21-Mar,1.25,1.44,0.19,15.2,2
ETR,2021-04-28,21-Mar,1.19,1.47,0.28,23.53,2
ETSY,2021-05-05,21-Mar,0.84,1,0.16,19.05,2
EVBG,2021-05-10,21-Mar,-0.11,0.18,0.29,263.64,1
EVR,2021-04-28,21-Mar,2.63,3.29,0.66,25.1,1
EVRG,2021-05-06,21-Mar,0.47,0.55,0.08,17.02,2
EW,2021-04-20,21-Mar,0.47,0.54,0.07,14.89,2
EWBC,2021-04-22,21-Mar,1.23,1.44,0.21,17.07,2
EXAS,2021-05-04,21-Mar,-1.04,-0.18,0.86,82.69,1
EXC,2021-05-05,21-Mar,0.34,-0.06,-0.4,-117.65,3
EXP,2021-05-19,21-Mar,1.31,1.56,0.25,19.08,2
EXPD,2021-05-04,21-Mar,1,1.67,0.67,67,1
EXPE,2021-05-06,21-Mar,-2.52,-2.02,0.5,19.84,2
EXR,2021-04-28,21-Mar,1.49,1.53,0.04,2.68,3
F,2021-04-28,21-Mar,0.16,0.89,0.73,456.25,1
FAF,2021-04-22,21-Mar,1.29,1.64,0.35,27.13,1
FANG,2021-05-03,21-Mar,1.73,2.3,0.57,32.95,1
FAST,2021-04-13,21-Mar,0.37,0.37,0,0,3
FB,2021-04-28,21-Mar,2.36,3.3,0.94,39.83,1
FBHS,2021-04-29,21-Mar,1.04,1.36,0.32,30.77,1
FCN,2021-04-29,21-Mar,1.18,1.89,0.71,60.17,1
FCX,2021-04-22,21-Mar,0.51,0.51,0,0,3
FDS,2021-03-30,21-Feb,2.74,2.72,-0.02,-0.73,3
FDX,2021-03-18,21-Feb,3.21,3.47,0.26,8.1,2
FE,2021-04-22,21-Mar,0.68,0.69,0.01,1.47,3
FFIV,2021-04-27,21-Mar,2.39,2.5,0.11,4.6,3
FHB,2021-04-23,21-Mar,0.46,0.44,-0.02,-4.35,3
FHN,2021-04-21,21-Mar,0.37,0.51,0.14,37.84,1
FICO,2021-05-05,21-Mar,2.76,3.06,0.3,10.87,2
FIS,2021-05-06,21-Mar,1.25,1.3,0.05,4,3
FISV,2021-04-27,21-Mar,1.13,1.17,0.04,3.54,3
FITB,2021-04-20,21-Mar,0.69,0.93,0.24,34.78,1
FIVE,2021-06-03,21-Apr,0.66,0.88,0.22,33.33,1
FIVN,2021-04-29,21-Mar,0.13,0.23,0.1,76.92,1
FL,2021-05-21,21-Apr,1.14,1.96,0.82,71.93,1
FLO,2021-05-20,21-Mar,0.37,0.41,0.04,10.81,2
FLS,2021-05-03,21-Mar,0.2,0.28,0.08,40,1
FLT,2021-05-05,21-Mar,2.7,2.82,0.12,4.44,3
FMC,2021-05-05,21-Mar,1.52,1.53,0.01,0.66,3
FNB,2021-04-19,21-Mar,0.26,0.28,0.02,7.69,2
FND,2021-05-06,21-Mar,0.53,0.68,0.15,28.3,1
FNF,2021-05-06,21-Mar,1.28,1.56,0.28,21.88,2
FOXA,2021-05-05,21-Mar,0.58,0.88,0.3,51.72,1
FR,2021-04-21,21-Mar,0.46,0.48,0.02,4.35,3
FRC,2021-04-14,21-Mar,1.54,1.79,0.25,16.23,2
FRPT,2021-05-03,21-Mar,-0.02,-0.26,-0.24,-1200,3
FRT,2021-05-05,21-Mar,1.02,0.6,-0.42,-41.18,3
FSLR,2021-04-29,21-Mar,1,1.96,0.96,96,1
FSLY,2021-05-05,21-Mar,-0.11,-0.12,-0.01,-9.09,3
FTDR,2021-05-06,21-Mar,0.09,0.1,0.01,11.11,2
FTNT,2021-04-29,21-Mar,0.74,0.81,0.07,9.46,2
FTV,2021-04-29,21-Mar,0.6,0.63,0.03,5,3
FWONK,2021-05-07,21-Mar,-0.34,-0.2,0.14,41.18,1
G,2021-05-10,21-Mar,0.49,0.59,0.1,20.41,2
GD,2021-04-28,21-Mar,2.31,2.48,0.17,7.36,2
GDDY,2021-05-05,21-Mar,0.31,0.06,-0.25,-80.65,3
GE,2021-04-27,21-Mar,0.16,0.24,0.08,50,1
GGG,2021-04-21,21-Mar,0.5,0.58,0.08,16,2
GH,2021-05-06,21-Mar,-0.82,-0.49,0.33,40.24,1
GILD,2021-04-29,21-Mar,2.06,2.08,0.02,0.97,3
GIS,2021-03-24,21-Feb,0.84,0.82,-0.02,-2.38,3
GLOB,2021-05-13,21-Mar,0.81,0.83,0.02,2.47,3
GLPI,2021-04-29,21-Mar,0.83,0.54,-0.29,-34.94,3
GLW,2021-04-27,21-Mar,0.42,0.45,0.03,7.14,2
GM,2021-05-05,21-Mar,1.02,2.25,1.23,120.59,1
GME,2021-06-09,21-Apr,-0.67,-0.45,0.22,32.84,1
GMED,2021-05-04,21-Mar,0.36,0.49,0.13,36.11,1
GNRC,2021-04-29,21-Mar,1.9,2.38,0.48,25.26,1
GNTX,2021-04-23,21-Mar,0.49,0.46,-0.03,-6.12,3
GO,2021-05-11,21-Mar,0.22,0.23,0.01,4.55,3
GOOG,2021-04-27,21-Mar,15.66,26.29,10.63,67.88,1
GOOGL,2021-04-27,21-Mar,15.66,26.29,10.63,67.88,1
GPC,2021-04-22,21-Mar,1.21,1.5,0.29,23.97,2
GPK,2021-04-27,21-Mar,0.25,0.23,-0.02,-8,3
GPN,2021-05-04,21-Mar,1.77,1.82,0.05,2.82,3
GPS,2021-05-27,21-Apr,-0.02,0.48,0.5,2500,1
GRMN,2021-04-28,21-Mar,0.88,1.18,0.3,34.09,1
GS,2021-04-14,21-Mar,9.79,18.6,8.81,89.99,1
GTES,2021-05-10,21-Mar,0.32,0.33,0.01,3.13,3
GWRE,2021-06-02,21-Apr,-0.24,-0.16,0.08,33.33,1
GWW,2021-04-30,21-Mar,4.31,4.48,0.17,3.94,3
H,2021-05-04,21-Mar,-1.33,-3.57,-2.24,-168.42,3
HAIN,2021-05-06,21-Mar,0.38,0.44,0.06,15.79,2
HAL,2021-04-21,21-Mar,0.17,0.19,0.02,11.76,2
HAS,2021-04-27,21-Mar,0.64,1,0.36,56.25,1
HBAN,2021-04-22,21-Mar,0.33,0.48,0.15,45.45,1
HBI,2021-05-11,21-Mar,0.26,0.39,0.13,50,1
HCA,2021-04-22,21-Mar,3.35,4.14,0.79,23.58,2
HD,2021-05-18,21-Apr,3.04,3.86,0.82,26.97,1
HEI,2021-05-25,21-Apr,0.49,0.51,0.02,4.08,3
HES,2021-04-28,21-Mar,0.44,0.82,0.38,86.36,1
HFC,2021-05-05,21-Mar,-0.45,-0.53,-0.08,-17.78,3
HHC,2021-05-10,21-Mar,-0.57,-0.55,0.02,3.51,3
HIG,2021-04-22,21-Mar,0.75,0.56,-0.19,-25.33,3
HII,2021-05-06,21-Mar,2.52,3.68,1.16,46.03,1
HIW,2021-04-27,21-Mar,0.87,0.52,-0.35,-40.23,3
HLF,2021-05-04,21-Mar,1.06,1.42,0.36,33.96,1
HLT,2021-05-05,21-Mar,0.05,0.02,-0.03,-60,3
HOG,2021-04-19,21-Mar,0.79,1.68,0.89,112.66,1
HOLX,2021-04-28,21-Mar,2.62,2.59,-0.03,-1.15,3
HON,2021-04-23,21-Mar,1.8,1.92,0.12,6.67,2
HPE,2021-06-01,21-Apr,0.42,0.46,0.04,9.52,2
HPP,2021-05-05,21-Mar,0.45,0.03,-0.42,-93.33,3
HPQ,2021-05-27,21-Apr,0.89,0.93,0.04,4.49,3
HRB,2021-06-15,21-Apr,5.11,5.16,0.05,0.98,3
HRC,2021-04-30,21-Mar,1.43,1.73,0.3,20.98,2
HRL,2021-05-20,21-Apr,0.42,0.42,0,0,3
HSIC,2021-05-04,21-Mar,0.83,1.24,0.41,49.4,1
HST,2021-05-04,21-Mar,-0.15,-0.22,-0.07,-46.67,3
HSY,2021-04-29,21-Mar,1.81,1.92,0.11,6.08,2
HTA,2021-05-06,21-Mar,0.43,0.1,-0.33,-76.74,3
HUBB,2021-04-27,21-Mar,1.67,1.72,0.05,2.99,3
HUBS,2021-05-05,21-Mar,0.29,0.31,0.02,6.9,2
HUM,2021-04-28,21-Mar,7.21,7.67,0.46,6.38,2
HUN,2021-04-30,21-Mar,0.59,0.66,0.07,11.86,2
HXL,2021-04-19,21-Mar,-0.16,-0.1,0.06,37.5,1
HZNP,2021-05-05,21-Mar,0.07,0.03,-0.04,-57.14,3
IAA,2021-05-04,21-Mar,0.46,0.58,0.12,26.09,1
IAC,2021-05-06,21-Mar,-0.62,0.4,1.02,164.52,1
IART,2021-04-28,21-Mar,0.56,0.69,0.13,23.21,2
IBKR,2021-04-20,21-Mar,0.9,0.98,0.08,8.89,2
IBM,2021-04-19,21-Mar,1.67,1.77,0.1,5.99,3
ICE,2021-04-29,21-Mar,1.3,1.34,0.04,3.08,3
ICUI,2021-05-06,21-Mar,1.53,1.62,0.09,5.88,3
IDA,2021-04-29,21-Mar,0.83,0.89,0.06,7.23,2
IDXX,2021-05-04,21-Mar,1.72,2.35,0.63,36.63,1
IEX,2021-04-27,21-Mar,1.41,1.51,0.1,7.09,2
IFF,2021-05-10,21-Mar,1.51,1.6,0.09,5.96,3
ILMN,2021-04-27,21-Mar,1.36,1.89,0.53,38.97,1
INCY,2021-05-04,21-Mar,0.65,0.67,0.02,3.08,3
INFO,2021-03-23,21-Feb,0.7,0.71,0.01,1.43,3
INTC,2021-04-22,21-Mar,1.15,1.39,0.24,20.87,2
INTU,2021-05-25,21-Apr,6.04,6.07,0.03,0.5,3
INVH,2021-04-28,21-Mar,0.34,0.1,-0.24,-70.59,3
IONS,2021-05-05,21-Mar,-0.48,-0.64,-0.16,-33.33,3
IOVA,2021-05-06,21-Mar,-0.48,-0.51,-0.03,-6.25,3
IP,2021-04-29,21-Mar,0.59,0.76,0.17,28.81,1
IPG,2021-04-28,21-Mar,0.16,0.45,0.29,181.25,1
IPGP,2021-05-04,21-Mar,1.07,1.17,0.1,9.35,2
IQV,2021-04-22,21-Mar,1.85,2.18,0.33,17.84,2
IR,2021-04-28,21-Mar,0.36,0.45,0.09,25,1
IRM,2021-05-06,21-Mar,0.64,0.32,-0.32,-50,3
ISRG,2021-04-20,21-Mar,0.87,1.17,0.3,34.48,1
IT,2021-05-04,21-Mar,1.05,2,0.95,90.48,1
ITT,2021-05-07,21-Mar,0.87,1.06,0.19,21.84,2
ITW,2021-04-30,21-Mar,1.9,2.11,0.21,11.05,2
IVZ,2021-04-27,21-Mar,0.62,0.68,0.06,9.68,2
JAZZ,2021-05-04,21-Mar,3.69,3.92,0.23,6.23,2
JBGS,2021-05-04,21-Mar,0.31,-0.16,-0.47,-151.61,3
JBHT,2021-04-15,21-Mar,1.18,1.37,0.19,16.1,2
JBL,2021-03-16,21-Feb,0.95,1.27,0.32,33.68,1
JBLU,2021-04-27,21-Mar,-1.68,-1.48,0.2,11.9,2
JCI,2021-04-30,21-Mar,0.49,0.52,0.03,6.12,2
JEF,2021-03-24,21-Feb,1.08,2.14,1.06,98.15,1
JHG,2021-04-29,21-Mar,0.83,0.91,0.08,9.64,2
JKHY,2021-05-03,21-Mar,0.86,0.95,0.09,10.47,2
JLL,2021-05-05,21-Mar,0.6,2.1,1.5,250,1
JNJ,2021-04-20,21-Mar,2.31,2.59,0.28,12.12,2
JNPR,2021-04-27,21-Mar,0.25,0.3,0.05,20,2
JPM,2021-04-14,21-Mar,3.05,4.5,1.45,47.54,1
JWN,2021-05-25,21-Apr,-0.53,-0.64,-0.11,-20.75,3
K,2021-05-06,21-Mar,0.95,1.11,0.16,16.84,2
KDP,2021-04-29,21-Mar,0.31,0.33,0.02,6.45,2
KEX,2021-04-29,21-Mar,0.11,-0.06,-0.17,-154.55,3
KEY,2021-04-20,21-Mar,0.49,0.61,0.12,24.49,2
KEYS,2021-05-19,21-Apr,1.34,1.44,0.1,7.46,2
KHC,2021-04-29,21-Mar,0.6,0.72,0.12,20,2
KIM,2021-04-29,21-Mar,0.3,0.3,0,0,3
KKR,2021-05-04,21-Mar,0.62,0.75,0.13,20.97,2
KLAC,2021-04-29,21-Mar,3.59,3.85,0.26,7.24,2
KMB,2021-04-23,21-Mar,1.9,1.8,-0.1,-5.26,3
KMI,2021-04-21,21-Mar,0.23,0.6,0.37,160.87,1
KMPR,2021-04-29,21-Mar,1.23,1.31,0.08,6.5,2
KMX,2021-04-01,21-Feb,1.24,1.27,0.03,2.42,3
KNX,2021-04-21,21-Mar,0.7,0.83,0.13,18.57,2
KO,2021-04-19,21-Mar,0.5,0.55,0.05,10,2
KR,2021-06-17,21-Apr,0.99,1.19,0.2,20.2,2
KRC,2021-04-28,21-Mar,0.99,4.26,3.27,330.3,1
KSU,2021-04-16,21-Mar,2,1.91,-0.09,-4.5,3
LAD,2021-04-21,21-Mar,4.73,5.89,1.16,24.52,1
LAMR,2021-05-04,21-Mar,1.17,0.38,-0.79,-67.52,3
LAZ,2021-04-30,21-Mar,0.85,0.87,0.02,2.35,3
LBRDK,2021-05-07,21-Mar,1.37,0.83,-0.54,-39.42,3
LDOS,2021-05-04,21-Mar,1.49,1.73,0.24,16.11,2
LEA,2021-05-07,21-Mar,2.94,3.73,0.79,26.87,1
LECO,2021-04-27,21-Mar,1.18,1.37,0.19,16.1,2
LEG,2021-05-03,21-Mar,0.41,0.64,0.23,56.1,1
LEN,2021-03-16,21-Feb,1.65,2.04,0.39,23.64,2
LFUS,2021-04-28,21-Mar,1.92,2.67,0.75,39.06,1
LH,2021-04-29,21-Mar,7.32,8.79,1.47,20.08,2
LII,2021-04-26,21-Mar,1.29,2.27,0.98,75.97,1
LITE,2021-05-12,21-Mar,1.42,1.4,-0.02,-1.41,3
LKQ,2021-04-29,21-Mar,0.63,0.94,0.31,49.21,1
LLY,2021-04-27,21-Mar,2.12,1.87,-0.25,-11.79,3
LMT,2021-04-20,21-Mar,6.32,6.56,0.24,3.8,3
LNC,2021-05-05,21-Mar,1.48,1.82,0.34,22.97,2
LNG,2021-05-04,21-Mar,0.75,1.54,0.79,105.33,1
LNT,2021-05-06,21-Mar,0.67,0.68,0.01,1.49,3
LOPE,2021-05-05,21-Mar,1.67,1.72,0.05,2.99,3
LOW,2021-05-19,21-Apr,2.58,3.21,0.63,24.42,2
LPLA,2021-04-29,21-Mar,1.48,1.77,0.29,19.59,2
LPX,2021-05-04,21-Mar,2.76,3.01,0.25,9.06,2
LRCX,2021-04-21,21-Mar,6.56,7.49,0.93,14.18,2
LSI,2021-05-04,21-Mar,1.01,0.63,-0.38,-37.62,3
LSTR,2021-04-21,21-Mar,1.61,2.01,0.4,24.84,1
LSXMK,2021-05-07,21-Mar,0.27,-0.03,-0.3,-111.11,3
LULU,2021-06-03,21-Apr,0.91,1.16,0.25,27.47,1
LUV,2021-04-22,21-Mar,-1.82,-1.72,0.1,5.49,3
LVS,2021-04-21,21-Mar,-0.27,-0.25,0.02,7.41,2
LW,2021-04-07,21-Feb,0.51,0.45,-0.06,-11.76,3
LYB,2021-04-30,21-Mar,2.65,3.18,0.53,20,2
LYFT,2021-05-04,21-Mar,-0.54,-0.36,0.18,33.33,1
LYV,2021-05-06,21-Mar,-1.66,-1.44,0.22,13.25,2
MA,2021-04-29,21-Mar,1.55,1.74,0.19,12.26,2
MAA,2021-04-28,21-Mar,1.61,0.4,-1.21,-75.16,3
MAN,2021-04-20,21-Mar,0.66,1.11,0.45,68.18,1
MANH,2021-04-27,21-Mar,0.32,0.43,0.11,34.38,1
MAR,2021-05-10,21-Mar,0.03,0.1,0.07,233.33,1
MAS,2021-04-28,21-Mar,0.66,0.89,0.23,34.85,1
MASI,2021-04-26,21-Mar,0.88,0.9,0.02,2.27,3
MAT,2021-04-22,21-Mar,-0.34,-0.1,0.24,70.59,1
MCD,2021-04-29,21-Mar,1.81,1.92,0.11,6.08,2
MCHP,2021-05-06,21-Mar,0.87,0.93,0.06,6.9,2
MCK,2021-05-06,21-Mar,5.02,5.05,0.03,0.6,3
MCO,2021-04-28,21-Mar,2.8,4.06,1.26,45,1
MCY,2021-05-04,21-Mar,1.25,1.34,0.09,7.2,2
MDB,2021-06-03,21-Apr,-0.36,-0.15,0.21,58.33,1
MDLZ,2021-04-27,21-Mar,0.69,0.77,0.08,11.59,2
MDT,2021-05-27,21-Apr,1.42,1.5,0.08,5.63,3
MDU,2021-05-05,21-Mar,0.2,0.26,0.06,30,1
MET,2021-05-05,21-Mar,1.48,2.2,0.72,48.65,1
MGM,2021-04-28,21-Mar,-0.86,-0.68,0.18,20.93,2
MHK,2021-04-29,21-Mar,2.8,3.49,0.69,24.64,1
MIDD,2021-05-06,21-Mar,1.63,1.79,0.16,9.82,2
MKC,2021-03-30,21-Feb,0.57,0.72,0.15,26.32,1
MKL,2021-04-28,21-Mar,11.37,10.12,-1.25,-10.99,3
MKSI,2021-04-26,21-Mar,2.17,2.56,0.39,17.97,2
MKTX,2021-04-22,21-Mar,2.12,2.11,-0.01,-0.47,3
MLM,2021-05-04,21-Mar,0.5,1.04,0.54,108,1
MMC,2021-04-27,21-Mar,1.7,1.99,0.29,17.06,2
MMM,2021-04-27,21-Mar,2.25,2.77,0.52,23.11,2
MNST,2021-05-06,21-Mar,0.61,0.59,-0.02,-3.28,3
MO,2021-04-29,21-Mar,1.04,1.07,0.03,2.88,3
MOH,2021-04-28,21-Mar,3.78,4.44,0.66,17.46,2
MOS,2021-05-03,21-Mar,0.5,0.57,0.07,14,2
MPC,2021-05-04,21-Mar,-0.72,-0.2,0.52,72.22,1
MPW,2021-04-29,21-Mar,0.42,0.27,-0.15,-35.71,3
MPWR,2021-05-04,21-Mar,1.33,1.46,0.13,9.77,2
MRCY,2021-05-04,21-Mar,0.63,0.64,0.01,1.59,3
MRK,2021-04-29,21-Mar,1.63,1.4,-0.23,-14.11,3
MRNA,2021-05-06,21-Mar,2.04,2.84,0.8,39.22,1
MRO,2021-05-05,21-Mar,0.13,0.21,0.08,61.54,1
MRTX,2021-05-06,21-Mar,-2.13,-2.67,-0.54,-25.35,3
MRVL,2021-06-07,21-Apr,0.27,0.29,0.02,7.41,2
MS,2021-04-16,21-Mar,1.72,2.22,0.5,29.07,1
MSA,2021-04-28,21-Mar,0.94,0.95,0.01,1.06,3
MSCI,2021-04-27,21-Mar,2.29,2.46,0.17,7.42,2
MSFT,2021-04-27,21-Mar,1.76,1.95,0.19,10.8,2
MSI,2021-05-06,21-Mar,1.62,1.87,0.25,15.43,2
MSM,2021-04-07,21-Feb,1.01,1.03,0.02,1.98,3
MTB,2021-04-19,21-Mar,2.96,3.41,0.45,15.2,2
MTCH,2021-05-04,21-Mar,0.46,0.67,0.21,45.65,1
MTD,2021-05-06,21-Mar,5.65,6.56,0.91,16.11,2
MTG,2021-05-05,21-Mar,0.42,0.42,0,0,3
MTN,2021-06-07,21-Apr,6.67,6.72,0.05,0.75,3
MTZ,2021-05-06,21-Mar,0.77,1.1,0.33,42.86,1
MU,2021-03-31,21-Feb,0.95,0.98,0.03,3.16,3
NATI,2021-04-29,21-Mar,0.31,0.32,0.01,3.23,3
NBIX,2021-05-05,21-Mar,0.47,0.33,-0.14,-29.79,3
NCLH,2021-05-06,21-Mar,-2.06,-2.03,0.03,1.46,3
NCR,2021-04-27,21-Mar,0.47,0.51,0.04,8.51,2
NDAQ,2021-04-21,21-Mar,1.74,1.96,0.22,12.64,2
NDSN,2021-05-24,21-Apr,1.65,2.12,0.47,28.48,1
NEE,2021-04-21,21-Mar,0.6,0.67,0.07,11.67,2
NEM,2021-04-29,21-Mar,0.75,0.74,-0.01,-1.33,3
NET,2021-05-06,21-Mar,-0.03,-0.03,0,0,3
NEWR,2021-05-13,21-Mar,-0.46,-0.27,0.19,41.3,1
NFE,2021-05-07,21-Mar,0.05,-0.21,-0.26,-520,3
NFG,2021-05-06,21-Mar,1.22,1.34,0.12,9.84,2
NFLX,2021-04-20,21-Mar,2.98,3.75,0.77,25.84,1
NI,2021-05-05,21-Mar,0.77,0.77,0,0,3
NKE,2021-03-18,21-Feb,0.75,0.9,0.15,20,2
NKTR,2021-05-06,21-Mar,-0.72,-0.68,0.04,5.56,3
NLSN,2021-05-06,21-Mar,0.32,0.47,0.15,46.88,1
NLY,2021-04-28,21-Mar,0.26,0.29,0.03,11.54,2
NNN,2021-05-04,21-Mar,0.64,0.3,-0.34,-53.13,3
NOC,2021-04-29,21-Mar,5.48,6.57,1.09,19.89,2
NOV,2021-04-27,21-Mar,-0.23,-0.28,-0.05,-21.74,3
NOW,2021-04-28,21-Mar,1.34,1.52,0.18,13.43,2
NRG,2021-05-06,21-Mar,1.64,0.84,-0.8,-48.78,3
NRZ,2021-05-05,21-Mar,0.34,0.34,0,0,3
NSC,2021-04-28,21-Mar,2.55,2.66,0.11,4.31,3
NTAP,2021-06-02,21-Apr,1.12,1.17,0.05,4.46,3
NTNX,2021-05-26,21-Apr,-0.47,-0.41,0.06,12.77,2
NTRA,2021-05-06,21-Mar,-1.05,-0.74,0.31,29.52,1
NTRS,2021-04-20,21-Mar,1.51,1.7,0.19,12.58,2
NUAN,2021-05-10,21-Mar,0.17,0.2,0.03,17.65,2
NUE,2021-04-22,21-Mar,3.14,3.1,-0.04,-1.27,3
NVAX,2021-05-10,21-Mar,-2.65,-3.05,-0.4,-15.09,3
NVCR,2021-04-29,21-Mar,0.01,-0.04,-0.05,-500,3
NVDA,2021-05-26,21-Apr,0.82,0.92,0.1,12.2,2
NVR,2021-04-21,21-Mar,61.9,63.21,1.31,2.12,3
NVST,2021-05-05,21-Mar,0.31,0.54,0.23,74.19,1
NVT,2021-04-29,21-Mar,0.35,0.43,0.08,22.86,2
NWL,2021-04-30,21-Mar,0.14,0.3,0.16,114.29,1
NWSA,2021-05-06,21-Mar,0.01,0.09,0.08,800,1
NXPI,2021-04-26,21-Mar,2.21,2.31,0.1,4.52,3
NXST,2021-05-04,21-Mar,3.11,4.42,1.31,42.12,1
NYCB,2021-04-26,21-Mar,0.27,0.29,0.02,7.41,2
NYT,2021-05-05,21-Mar,0.15,0.26,0.11,73.33,1
O,2021-05-03,21-Mar,0.85,0.26,-0.59,-69.41,3
OC,2021-04-28,21-Mar,1.42,1.73,0.31,21.83,2
ODFL,2021-04-22,21-Mar,1.58,1.7,0.12,7.59,2
OGE,2021-05-06,21-Mar,0.18,0.26,0.08,44.44,1
OHI,2021-05-03,21-Mar,0.82,0.69,-0.13,-15.85,3
OKE,2021-04-27,21-Mar,0.79,0.86,0.07,8.86,2
OKTA,2021-05-26,21-Apr,-0.2,-0.1,0.1,50,1
OLED,2021-05-06,21-Mar,0.67,1.08,0.41,61.19,1
OLLI,2021-05-27,21-Apr,0.66,0.8,0.14,21.21,2
OLN,2021-04-27,21-Mar,1.34,1.53,0.19,14.18,2
OMC,2021-04-20,21-Mar,1.14,1.33,0.19,16.67,2
OMF,2021-04-26,21-Mar,2.12,3.37,1.25,58.96,1
ON,2021-05-03,21-Mar,0.34,0.35,0.01,2.94,3
OPEN,2021-05-11,21-Mar,-0.48,-0.04,0.44,91.67,1
ORCL,2021-03-10,21-Feb,1.11,1.16,0.05,4.5,3
ORI,2021-04-22,21-Mar,0.45,0.69,0.24,53.33,1
ORLY,2021-04-28,21-Mar,5.36,7.06,1.7,31.72,1
OSH,2021-05-10,21-Mar,-0.23,-0.29,-0.06,-26.09,3
OSK,2021-04-28,21-Mar,1.15,1.48,0.33,28.7,1
OTIS,2021-04-26,21-Mar,0.62,0.72,0.1,16.13,2
OXY,2021-05-10,21-Mar,-0.33,-0.15,0.18,54.55,1
OZK,2021-04-22,21-Mar,0.87,1.11,0.24,27.59,1
PACW,2021-04-20,21-Mar,0.9,1.27,0.37,41.11,1
PAG,2021-04-28,21-Mar,1.81,2.26,0.45,24.86,1
PANW,2021-05-20,21-Apr,1.28,1.38,0.1,7.81,2
PAYC,2021-05-04,21-Mar,1.42,1.47,0.05,3.52,3
PAYX,2021-04-06,21-Feb,0.93,0.96,0.03,3.23,3
PB,2021-04-28,21-Mar,1.38,1.44,0.06,4.35,3
PBCT,2021-04-22,21-Mar,0.34,0.37,0.03,8.82,2
PCAR,2021-04-27,21-Mar,1.27,1.35,0.08,6.3,2
PCG,2021-04-29,21-Mar,0.28,0.23,-0.05,-17.86,3
PCTY,2021-05-06,21-Mar,0.66,0.88,0.22,33.33,1
PEAK,2021-05-04,21-Mar,0.39,-0.23,-0.62,-158.97,3
PEG,2021-05-05,21-Mar,1.13,1.28,0.15,13.27,2
PEGA,2021-04-28,21-Mar,0.02,0.26,0.24,1200,1
PEN,2021-05-04,21-Mar,0.11,0.27,0.16,145.45,1
PENN,2021-05-06,21-Mar,0.3,0.55,0.25,83.33,1
PEP,2021-04-15,21-Mar,1.12,1.21,0.09,8.04,2
PFE,2021-05-04,21-Mar,0.79,0.93,0.14,17.72,2
PFG,2021-04-27,21-Mar,1.35,1.53,0.18,13.33,2
PG,2021-04-20,21-Mar,1.18,1.26,0.08,6.78,2
PGR,2021-04-15,21-Mar,1.78,1.72,-0.06,-3.37,3
PH,2021-04-29,21-Mar,3.75,4.11,0.36,9.6,2
PHM,2021-04-27,21-Mar,1.19,1.28,0.09,7.56,2
PII,2021-04-27,21-Mar,1.56,2.3,0.74,47.44,1
PINC,2021-05-04,21-Mar,0.55,0.64,0.09,16.36,2
PINS,2021-04-27,21-Mar,0.07,0.11,0.04,57.14,1
PK,2021-05-06,21-Mar,-0.54,-0.81,-0.27,-50,3
PKG,2021-04-26,21-Mar,1.47,1.77,0.3,20.41,2
PKI,2021-05-04,21-Mar,3.03,3.72,0.69,22.77,2
PLAN,2021-05-27,21-Apr,-0.09,-0.1,-0.01,-11.11,3
PLD,2021-04-19,21-Mar,0.94,0.49,-0.45,-47.87,3
PLNT,2021-05-06,21-Mar,0.17,0.1,-0.07,-41.18,3
PLUG,2021-06-22,21-Mar,-0.08,-0.12,-0.04,-50,3
PM,2021-04-20,21-Mar,1.4,1.57,0.17,12.14,2
PNC,2021-04-16,21-Mar,2.75,4.1,1.35,49.09,1
PNFP,2021-04-19,21-Mar,1.38,1.61,0.23,16.67,2
PNR,2021-04-22,21-Mar,0.61,0.81,0.2,32.79,1
PNW,2021-05-05,21-Mar,0.25,0.32,0.07,28,1
POOL,2021-04-22,21-Mar,1.2,2.42,1.22,101.67,1
POST,2021-05-06,21-Mar,0.55,0.29,-0.26,-47.27,3
PPC,2021-04-28,21-Mar,0.27,0.42,0.15,55.56,1
PPD,2021-04-27,21-Mar,0.31,0.35,0.04,12.9,2
PPG,2021-04-15,21-Mar,1.58,1.88,0.3,18.99,2
PPL,2021-05-06,21-Mar,0.71,0.28,-0.43,-60.56,3
PRGO,2021-05-11,21-Mar,0.56,0.5,-0.06,-10.71,3
PRI,2021-05-05,21-Mar,2.38,2.44,0.06,2.52,3
PRU,2021-05-04,21-Mar,2.68,4.11,1.43,53.36,1
PSA,2021-04-28,21-Mar,2.7,2.21,-0.49,-18.15,3
PSX,2021-04-30,21-Mar,-1.41,-1.16,0.25,17.73,2
PTC,2021-04-28,21-Mar,0.72,1.08,0.36,50,1
PTON,2021-05-06,21-Mar,-0.11,-0.03,0.08,72.73,1
PVH,2021-06-02,21-Apr,0.82,1.92,1.1,134.15,1
PWR,2021-05-06,21-Mar,0.74,0.83,0.09,12.16,2
PXD,2021-05-04,21-Mar,1.5,1.77,0.27,18,2
PYPL,2021-05-05,21-Mar,1.01,1.22,0.21,20.79,2
QCOM,2021-04-28,21-Mar,1.67,1.9,0.23,13.77,2
QDEL,2021-05-06,21-Mar,4.87,4.38,-0.49,-10.06,3
QGEN,2021-05-03,21-Mar,0.63,0.66,0.03,4.76,3
QRTEA,2021-05-07,21-Mar,0.31,0.48,0.17,54.84,1
QRVO,2021-05-05,21-Mar,2.44,2.74,0.3,12.3,2
R,2021-04-28,21-Mar,0.58,1.09,0.51,87.93,1
RARE,2021-05-04,21-Mar,-1.25,-2.03,-0.78,-62.4,3
RCL,2021-04-29,21-Mar,-4.54,-4.44,0.1,2.2,3
RE,2021-04-28,21-Mar,4.59,6.49,1.9,41.39,1
REG,2021-05-06,21-Mar,0.75,0.47,-0.28,-37.33,3
REGN,2021-05-06,21-Mar,8.79,9.89,1.1,12.51,2
REXR,2021-04-21,21-Mar,0.34,0.19,-0.15,-44.12,3
REYN,2021-05-05,21-Mar,0.36,0.36,0,0,3
RF,2021-04-23,21-Mar,0.48,0.63,0.15,31.25,1
RGA,2021-05-06,21-Mar,0.07,-1.24,-1.31,-1871.43,3
RGEN,2021-05-04,21-Mar,0.43,0.68,0.25,58.14,1
RGLD,2021-05-05,21-Mar,0.81,0.84,0.03,3.7,3
RH,2021-06-09,21-Apr,4.2,4.89,0.69,16.43,2
RHI,2021-04-21,21-Mar,0.8,0.98,0.18,22.5,2
RJF,2021-04-28,21-Mar,1.39,1.67,0.28,20.14,2
RKT,2021-05-05,21-Mar,0.91,0.89,-0.02,-2.2,3
RL,2021-05-20,21-Mar,-0.73,0.38,1.11,152.05,1
RMD,2021-04-29,21-Mar,1.22,1.3,0.08,6.56,2
RNG,2021-05-04,21-Mar,0.25,0.27,0.02,8,2
RNR,2021-04-28,21-Mar,0.74,0.09,-0.65,-87.84,3
ROK,2021-04-28,21-Mar,2.15,2.41,0.26,12.09,2
ROKU,2021-05-06,21-Mar,-0.12,0.54,0.66,550,1
ROL,2021-04-28,21-Mar,0.11,0.14,0.03,27.27,1
ROP,2021-04-27,21-Mar,3.32,3.6,0.28,8.43,2
ROST,2021-05-20,21-Apr,0.9,1.34,0.44,48.89,1
RPM,2021-04-07,21-Feb,0.34,0.38,0.04,11.76,2
RPRX,2021-05-11,21-Mar,0.65,0.67,0.02,3.08,3
RS,2021-04-22,21-Mar,3.69,4.1,0.41,11.11,2
RSG,2021-05-05,21-Mar,0.86,0.93,0.07,8.14,2
RUN,2021-05-05,21-Mar,-0.03,-0.11,-0.08,-266.67,3
RYN,2021-05-05,21-Mar,0.08,0.08,0,0,3
SABR,2021-05-04,21-Mar,-0.51,-0.72,-0.21,-41.18,3
SAGE,2021-05-04,21-Mar,-1.98,-1.64,0.34,17.17,2
SAIC,2021-06-03,21-Apr,1.49,1.94,0.45,30.2,1
SAM,2021-04-22,21-Mar,2.39,4.58,2.19,91.63,1
SBAC,2021-04-26,21-Mar,2.45,-0.11,-2.56,-104.49,3
SBNY,2021-04-21,21-Mar,2.83,3.24,0.41,14.49,2
SBUX,2021-04-27,21-Mar,0.52,0.62,0.1,19.23,2
SC,2021-04-28,21-Mar,1.45,2.42,0.97,66.9,1
SCCO,2021-04-28,21-Mar,0.89,0.99,0.1,11.24,2
SCHW,2021-04-15,21-Mar,0.82,0.84,0.02,2.44,3
SCI,2021-05-03,21-Mar,0.98,1.32,0.34,34.69,1
SEE,2021-05-04,21-Mar,0.71,0.78,0.07,9.86,2
SEIC,2021-04-21,21-Mar,0.9,0.89,-0.01,-1.11,3
SGEN,2021-04-29,21-Mar,-0.59,-0.67,-0.08,-13.56,3
SHW,2021-04-27,21-Mar,1.65,2.06,0.41,24.85,1
SIRI,2021-04-28,21-Mar,0.06,0.07,0.01,16.67,2
SITE,2021-05-05,21-Mar,-0.44,0.16,0.6,136.36,1
SIVB,2021-04-22,21-Mar,6.94,10.03,3.09,44.52,1
SIX,2021-04-28,21-Mar,-1.29,-1.12,0.17,13.18,2
SJM,2021-06-03,21-Apr,1.68,1.89,0.21,12.5,2
SKX,2021-04-22,21-Mar,0.49,0.63,0.14,28.57,1
SLB,2021-04-23,21-Mar,0.19,0.21,0.02,10.53,2
SLG,2021-04-21,21-Mar,1.58,-0.11,-1.69,-106.96,3
SLGN,2021-04-28,21-Mar,0.71,0.75,0.04,5.63,3
SLM,2021-04-21,21-Mar,1,1.77,0.77,77,1
SMAR,2021-06-02,21-Apr,-0.14,-0.09,0.05,35.71,1
SMG,2021-05-05,21-Mar,5.51,5.64,0.13,2.36,3
SNA,2021-04-22,21-Mar,3.01,3.5,0.49,16.28,2
SNDR,2021-04-29,21-Mar,0.29,0.31,0.02,6.9,2
SNOW,2021-05-26,21-Apr,-0.16,-0.24,-0.08,-50,3
SNPS,2021-05-19,21-Apr,1.52,1.7,0.18,11.84,2
SNV,2021-04-20,21-Mar,0.93,1.21,0.28,30.11,1
SNX,2021-03-22,21-Feb,1.7,1.89,0.19,11.18,2
SO,2021-04-29,21-Mar,0.85,0.98,0.13,15.29,2
SON,2021-04-22,21-Mar,0.85,0.9,0.05,5.88,3
SPB,2021-05-07,21-Mar,0.96,1.76,0.8,83.33,1
SPCE,2021-05-10,21-Mar,-0.31,-0.55,-0.24,-77.42,3
SPG,2021-05-10,21-Mar,2.25,1.36,-0.89,-39.56,3
SPGI,2021-04-29,21-Mar,3.13,3.39,0.26,8.31,2
SPLK,2021-06-02,21-Apr,-0.72,-0.91,-0.19,-26.39,3
SPOT,2021-04-28,21-Mar,-0.61,-0.3,0.31,50.82,1
SPR,2021-05-05,21-Mar,-0.93,-1.22,-0.29,-31.18,3
SQ,2021-05-06,21-Mar,0.16,0.41,0.25,156.25,1
SRC,2021-05-05,21-Mar,0.73,-0.04,-0.77,-105.48,3
SRCL,2021-04-29,21-Mar,0.59,0.71,0.12,20.34,2
SRE,2021-05-05,21-Mar,2.77,2.95,0.18,6.5,2
SRPT,2021-05-05,21-Mar,-2.01,-2.1,-0.09,-4.48,3
SSNC,2021-04-26,21-Mar,1.1,1.18,0.08,7.27,2
ST,2021-04-27,21-Mar,0.74,0.86,0.12,16.22,2
STE,2021-05-18,21-Mar,1.8,1.63,-0.17,-9.44,3
STL,2021-04-19,21-Mar,0.46,0.51,0.05,10.87,2
STLD,2021-04-19,21-Mar,1.98,2.1,0.12,6.06,3
STNE,2021-06-01,21-Mar,0.16,0.09,-0.07,-43.75,3
STOR,2021-05-06,21-Mar,0.45,0.21,-0.24,-53.33,3
STT,2021-04-16,21-Mar,1.34,1.47,0.13,9.7,2
STWD,2021-05-06,21-Mar,0.51,0.5,-0.01,-1.96,3
STZ,2021-04-08,21-Feb,1.49,1.82,0.33,22.15,2
SUI,2021-04-26,21-Mar,1.16,0.23,-0.93,-80.17,3
SWCH,2021-05-10,21-Mar,0.05,0.08,0.03,60,1
SWI,2021-04-29,21-Mar,0.38,0.46,0.08,21.05,2
SWK,2021-04-28,21-Mar,2.56,3.13,0.57,22.27,2
SWKS,2021-04-29,21-Mar,2.34,2.37,0.03,1.28,3
SYF,2021-04-27,21-Mar,1.5,1.73,0.23,15.33,2
SYK,2021-04-27,21-Mar,1.98,1.93,-0.05,-2.53,3
SYNH,2021-04-29,21-Mar,0.74,0.79,0.05,6.76,2
SYY,2021-05-04,21-Mar,0.2,0.22,0.02,10,2
T,2021-04-22,21-Mar,0.77,0.86,0.09,11.69,2
TAP,2021-04-29,21-Mar,-0.12,0.01,0.13,108.33,1
TDC,2021-05-06,21-Mar,0.62,0.69,0.07,11.29,2
TDG,2021-05-11,21-Mar,2.52,2.58,0.06,2.38,3
TDOC,2021-04-28,21-Mar,-0.57,0.13,0.7,122.81,1
TDY,2021-04-28,21-Mar,2.59,3.02,0.43,16.6,2
TEAM,2021-04-29,21-Mar,0.29,0.48,0.19,65.52,1
TECH,2021-05-06,21-Mar,1.5,1.79,0.29,19.33,2
TER,2021-04-27,21-Mar,1.04,1.11,0.07,6.73,2
TFSL,2021-04-29,21-Mar,0.07,0.08,0.01,14.29,2
TFX,2021-04-29,21-Mar,2.44,2.87,0.43,17.62,2
TGT,2021-05-19,21-Apr,2.26,3.69,1.43,63.27,1
THG,2021-04-29,21-Mar,0.75,1.66,0.91,121.33,1
THO,2021-06-08,21-Apr,2.36,3.29,0.93,39.41,1
TJX,2021-05-19,21-Apr,0.31,0.44,0.13,41.94,1
TKR,2021-04-28,21-Mar,1.2,1.38,0.18,15,2
TMO,2021-04-29,21-Mar,6.69,7.21,0.52,7.77,2
TMUS,2021-05-04,21-Mar,0.55,0.92,0.37,67.27,1
TMX,2021-05-06,21-Mar,0.21,0.3,0.09,42.86,1
TNDM,2021-05-05,21-Mar,-0.15,-0.07,0.08,53.33,1
TNL,2021-04-28,21-Mar,0.17,0.39,0.22,129.41,1
TOL,2021-05-25,21-Apr,0.8,1.01,0.21,26.25,1
TPL,2021-05-06,21-Mar,5.77,6.45,0.68,11.79,2
TPR,2021-05-06,21-Mar,0.3,0.51,0.21,70,1
TPX,2021-04-29,21-Mar,0.51,0.64,0.13,25.49,1
TREX,2021-05-10,21-Mar,0.38,0.42,0.04,10.53,2
TRGP,2021-05-06,21-Mar,0.15,0.53,0.38,253.33,1
TRIP,2021-05-06,21-Mar,-0.31,-0.39,-0.08,-25.81,3
TRMB,2021-05-05,21-Mar,0.56,0.66,0.1,17.86,2
TROW,2021-04-29,21-Mar,2.92,3.01,0.09,3.08,3
TRU,2021-04-27,21-Mar,0.8,0.91,0.11,13.75,2
TRV,2021-04-20,21-Mar,2.44,2.73,0.29,11.89,2
TSCO,2021-04-22,21-Mar,0.99,1.55,0.56,56.57,1
TSLA,2021-04-26,21-Mar,0.79,0.93,0.14,17.72,2
TSN,2021-05-10,21-Mar,1.11,1.34,0.23,20.72,2
TTC,2021-06-03,21-Apr,1.23,1.29,0.06,4.88,3
TTD,2021-05-10,21-Mar,0.08,0.14,0.06,75,1
TTWO,2021-05-18,21-Mar,0.68,1.44,0.76,111.76,1
TW,2021-04-29,21-Mar,0.43,0.43,0,0,3
TWLO,2021-05-05,21-Mar,-0.1,0.05,0.15,150,1
TWTR,2021-04-29,21-Mar,0.14,0.16,0.02,14.29,2
TXG,2021-05-05,21-Mar,-0.25,-0.11,0.14,56,1
TXN,2021-04-27,21-Mar,1.56,1.87,0.31,19.87,2
TXT,2021-04-29,21-Mar,0.47,0.7,0.23,48.94,1
TYL,2021-04-28,21-Mar,1.31,1.43,0.12,9.16,2
UA,2021-05-04,21-Mar,0.04,0.16,0.12,300,1
UAA,2021-05-04,21-Mar,0.04,0.16,0.12,300,1
UAL,2021-04-19,21-Mar,-6.97,-7.5,-0.53,-7.6,3
UBER,2021-05-05,21-Mar,-0.56,-0.42,0.14,25,1
UDR,2021-04-27,21-Mar,0.48,0.01,-0.47,-97.92,3
UGI,2021-05-05,21-Mar,1.72,1.99,0.27,15.7,2
UHAL,2021-05-26,21-Mar,5.07,3.76,-1.31,-25.84,3
UHS,2021-04-26,21-Mar,2.15,2.44,0.29,13.49,2
ULTA,2021-05-27,21-Apr,1.92,4.1,2.18,113.54,1
UMPQ,2021-04-21,21-Mar,0.45,0.49,0.04,8.89,2
UNH,2021-04-15,21-Mar,4.42,5.31,0.89,20.14,2
UNM,2021-05-05,21-Mar,0.98,1.04,0.06,6.12,2
UNP,2021-04-22,21-Mar,2.06,2,-0.06,-2.91,3
UNVR,2021-05-07,21-Mar,0.32,0.43,0.11,34.38,1
UPS,2021-04-27,21-Mar,1.67,2.77,1.1,65.87,1
UPST,2021-05-11,21-Mar,0.15,0.22,0.07,46.67,1
URI,2021-04-28,21-Mar,3.1,3.45,0.35,11.29,2
USB,2021-04-15,21-Mar,0.95,1.45,0.5,52.63,1
USFD,2021-05-10,21-Mar,0.07,0.12,0.05,71.43,1
UTHR,2021-05-05,21-Mar,2.6,0.61,-1.99,-76.54,3
V,2021-04-27,21-Mar,1.26,1.38,0.12,9.52,2
VAC,2021-05-05,21-Mar,-0.29,-0.49,-0.2,-68.97,3
VEEV,2021-05-27,21-Apr,0.78,0.91,0.13,16.67,2
VFC,2021-05-21,21-Mar,0.3,0.27,-0.03,-10,3
VICI,2021-04-29,21-Mar,0.47,0.5,0.03,6.38,2
VIRT,2021-05-04,21-Mar,1.3,2.04,0.74,56.92,1
VLO,2021-04-22,21-Mar,-1.91,-1.73,0.18,9.42,2
VMC,2021-05-04,21-Mar,0.41,0.69,0.28,68.29,1
VMI,2021-04-21,21-Mar,2.12,2.57,0.45,21.23,2
VMW,2021-05-27,21-Apr,1.74,1.76,0.02,1.15,3
VNO,2021-05-03,21-Mar,0.63,0.06,-0.57,-90.48,3
VOYA,2021-05-10,21-Mar,1.08,1.03,-0.05,-4.63,3
VRSK,2021-05-04,21-Mar,1.25,1.23,-0.02,-1.6,3
VRSN,2021-04-22,21-Mar,1.29,1.33,0.04,3.1,3
VRT,2021-04-28,21-Mar,0.12,0.21,0.09,75,1
VRTX,2021-04-29,21-Mar,2.77,2.98,0.21,7.58,2
VSAT,2021-05-25,21-Mar,0.03,0.11,0.08,266.67,1
VST,2021-05-04,21-Mar,-2.34,-4.21,-1.87,-79.91,3
VTR,2021-05-07,21-Mar,0.7,-0.15,-0.85,-121.43,3
VVV,2021-04-28,21-Mar,0.37,0.46,0.09,24.32,2
VZ,2021-04-21,21-Mar,1.29,1.31,0.02,1.55,3
W,2021-05-06,21-Mar,0.29,1,0.71,244.83,1
WAB,2021-04-29,21-Mar,0.85,0.89,0.04,4.71,3
WAL,2021-04-15,21-Mar,1.46,1.9,0.44,30.14,1
WAT,2021-05-05,21-Mar,1.57,2.29,0.72,45.86,1
WBA,2021-03-31,21-Feb,1.1,1.4,0.3,27.27,1
WBS,2021-04-19,21-Mar,0.89,1.25,0.36,40.45,1
WDAY,2021-05-26,21-Apr,0.73,0.87,0.14,19.18,2
WDC,2021-04-29,21-Mar,0.67,1.02,0.35,52.24,1
WEC,2021-05-03,21-Mar,1.47,1.61,0.14,9.52,2
WELL,2021-04-28,21-Mar,0.75,0.28,-0.47,-62.67,3
WEN,2021-05-12,21-Mar,0.14,0.2,0.06,42.86,1
WEX,2021-04-29,21-Mar,1.6,1.79,0.19,11.88,2
WFC,2021-04-14,21-Mar,0.69,1.05,0.36,52.17,1
WH,2021-04-28,21-Mar,0.25,0.36,0.11,44,1
WHR,2021-04-21,21-Mar,5.38,7.2,1.82,33.83,1
WIX,2021-05-12,21-Mar,-0.73,-0.54,0.19,26.03,1
WLK,2021-05-04,21-Mar,1.56,1.87,0.31,19.87,2
WLTW,2021-04-29,21-Mar,3.26,3.64,0.38,11.66,2
WM,2021-04-27,21-Mar,1,1.06,0.06,6,3
WMB,2021-05-03,21-Mar,0.28,0.35,0.07,25,1
WMS,2021-05-20,21-Mar,0.38,0.23,-0.15,-39.47,3
WMT,2021-05-18,21-Apr,1.22,1.69,0.47,38.52,1
WOOF,2021-05-20,21-Mar,0.11,0.17,0.06,54.55,1
WPC,2021-04-30,21-Mar,1.21,0.29,-0.92,-76.03,3
WRB,2021-04-20,21-Mar,0.89,1.08,0.19,21.35,2
WRK,2021-05-05,21-Mar,0.62,0.54,-0.08,-12.9,3
WSM,2021-05-26,21-Apr,1.85,2.93,1.08,58.38,1
WSO,2021-04-22,21-Mar,0.91,1.39,0.48,52.75,1
WST,2021-04-29,21-Mar,1.42,2.05,0.63,44.37,1
WTFC,2021-04-19,21-Mar,1.41,2.54,1.13,80.14,1
WU,2021-05-04,21-Mar,0.45,0.44,-0.01,-2.22,3
WWD,2021-05-03,21-Mar,0.82,1.04,0.22,26.83,1
WWE,2021-04-22,21-Mar,0.23,0.51,0.28,121.74,1
WY,2021-04-30,21-Mar,0.93,0.91,-0.02,-2.15,3
WYNN,2021-05-10,21-Mar,-2,-2.41,-0.41,-20.5,3
X,2021-04-29,21-Mar,0.91,1.08,0.17,18.68,2
XEL,2021-04-29,21-Mar,0.61,0.67,0.06,9.84,2
XLNX,2021-05-04,21-Mar,0.75,0.82,0.07,9.33,2
XLRN,2021-05-06,21-Mar,-0.83,-0.77,0.06,7.23,2
XOM,2021-04-30,21-Mar,0.59,0.65,0.06,10.17,2
XPO,2021-05-03,21-Mar,0.93,1.46,0.53,56.99,1
XRAY,2021-05-06,21-Mar,0.55,0.72,0.17,30.91,1
XRX,2021-04-20,21-Mar,0.23,0.22,-0.01,-4.35,3
XYL,2021-05-04,21-Mar,0.37,0.56,0.19,51.35,1
Y,2021-05-06,21-Mar,4.65,9.81,5.16,110.97,1
YETI,2021-05-13,21-Mar,0.22,0.38,0.16,72.73,1
YUM,2021-04-28,21-Mar,0.85,1.07,0.22,25.88,1
YUMC,2021-04-27,21-Mar,0.41,0.54,0.13,31.71,1
ZBH,2021-05-04,21-Mar,1.51,1.71,0.2,13.25,2
ZBRA,2021-05-04,21-Mar,4.41,4.79,0.38,8.62,2
ZEN,2021-04-29,21-Mar,0.12,0.17,0.05,41.67,1
ZG,2021-05-04,21-Mar,0.24,0.44,0.2,83.33,1
ZION,2021-04-19,21-Mar,1.15,1.9,0.75,65.22,1
ZM,2021-06-01,21-Apr,0.97,1.32,0.35,36.08,1
ZNGA,2021-05-05,21-Mar,0.09,0.08,-0.01,-11.11,3
ZS,2021-05-25,21-Apr,0.07,0.15,0.08,114.29,1
ZTS,2021-05-06,21-Mar,1.04,1.26,0.22,21.15,2